{"cameraMode":{"drawMode":2,"name":"Shaded Wireframe","section":"Shading Mode"},"sceneLighting":false,"audioPlay":false,"sceneViewState":{"m_AlwaysRefresh":false,"showFog":true,"showSkybox":false,"showFlares":true,"showImageEffects":true,"showParticleSystems":true,"showVisualEffectGraphs":true,"m_FxEnabled":true},"in2DMode":false,"pivot":{"x":-0.2531393766403198,"y":-0.13176560401916505,"z":0.22201582789421082},"rotation":{"x":0.21677441895008088,"y":-0.5374094247817993,"z":0.14526478946208955,"w":0.8019434809684753},"size":0.6911141872406006,"orthographic":false}