{"cameraMode":{"drawMode":0,"name":"Shaded","section":"Shading Mode"},"sceneLighting":false,"audioPlay":false,"sceneViewState":{"m_AlwaysRefresh":false,"showFog":true,"showSkybox":false,"showFlares":true,"showImageEffects":true,"showParticleSystems":true,"showVisualEffectGraphs":true,"m_FxEnabled":true},"in2DMode":false,"pivot":{"x":-0.08129957318305969,"y":7.9320502281188969,"z":1.7340437173843384},"rotation":{"x":-0.19843682646751405,"y":0.7433534860610962,"z":-0.2511422038078308,"w":-0.5873525142669678},"size":0.23611167073249818,"orthographic":false}