{"cameraMode":{"drawMode":0,"name":"Shaded","section":"Shading Mode"},"sceneLighting":false,"audioPlay":false,"sceneViewState":{"m_AlwaysRefresh":false,"showFog":true,"showSkybox":false,"showFlares":true,"showImageEffects":true,"showParticleSystems":true,"showVisualEffectGraphs":true,"m_FxEnabled":true},"in2DMode":false,"pivot":{"x":-0.18034768104553224,"y":7.889620780944824,"z":1.6699198484420777},"rotation":{"x":-0.05391296371817589,"y":0.9131652116775513,"z":-0.12850603461265565,"w":-0.3830658495426178},"size":0.6641591191291809,"orthographic":false}